 ccc, vvv,2017-12-03, bbb, 
 eee, eee,2018-12-04, eee, eee
 ccc, ccc,2019-01-05, ccc, ccc
 ccc, ccc,2018-03-06, ccc, cc
 ccc, ccc,2018-03-04, ccc, ccc
 ccc, ccc,2018-03-06, ccc, ccc
 ccc, cccc,2018-01-06, ccc, ccc
 cccc, ccc,2019-02-06, ccc, ccc
 ccc, ccc,2018-01-06, ccc, cc
 ccc, ccc,2018-01-06, ccc, cc
 ccc, xxx,2019-03-04, sss, sss
 xxx, zzz,2017-03-06, aaa, jeff
 xxx, zzz,2017-03-06, aaa, jeff
 ccc, ccc,2017-03-04, ccc, 
 ccc, ccc,2017-03-04, ccc, 
 ccc, ccc,2017-03-04, ccc, 
 ccc, xxx,2018-02-05, sss, xxx
 Yassa, Comedy,2017-02-06, Once upon a time, ME
 Yassa, Comedy,2017-02-06, Once upon a time, ME
 Yassa, Comedy,2017-02-06, Once upon a time, ME
 Yassa, Comedy,2017-02-06, Once upon a time, ME
 Yassa, Comedy,2017-02-06, Once upon a time, ME
 ccc, ccc,2019-03-06, ccc, cc
 xxx, zzz,2019-02-06, aaa, aaa
 ddd, sss,2016-11-06, sdadassdadassdasdaasdsdadassssssssssssssssssssss, ddd
 ddd, sss,2016-11-06, sdadassdadassdasdaasdsdadassssssssssssssssssssss, ddd
 dssdd, ddd,2020-01-04, dddd, aa
sotws, happy,2016-01-06, ddd, aaa
 wssss, sss,2018-03-06, aaaaa, sss
 aaa, sss,2017-02-06, xsasxa, xxx
 aaa, sss,2017-02-06, xsasxa, xxx
 Harry Potter, Thriller,2020-03-06, Harry potter flies, Yassa
 Heedsdcds, dfssdfsdf,2018-12-06, ddfssddsfds, sdsdds
